18-wheeler Truck,X
Aardvark,X
Absinthe,food
Abu Simbel,X
Abyssinian,X
Acanthaceae,X
Accessories,X
Accipiter,X
Accordion,X
Acorn,food
Acrobatic,X
Action Figure,X
Adapter,X
Adult,X
Adventure,X
Advertisement,X
Aerial View,X
Affenpinscher,X
Afghan Hound,X
African Grey Parrot,X
Aftershave,X
Agapanthus,X
Agaric,X
Agate,X
Agavaceae,X
Agriculture,X
Agropyron,X
Air Base,X
Air Conditioner,X
Aircraft,X
Aircraft Carrier,X
Airedale,X
Airfield,X
Airliner,X
Airmail,X
Airplane,X
Airplane Cabin,X
Airport,X
Airport Terminal,X
Airship,X
Aisle,X
Alarm Clock,X
Albatross,X
Alcatraz Island,X
Alcohol,food
Algae,X
Alien,X
Alley,X
Allium,X
Alloy Wheel,X
Almond,food
Aloe,X
Alphabet,X
Altar,X
Aluminium,X
Amanita,X
Amaranthaceae,X
Amaryllidaceae,X
Amaryllis,X
Amber Palace,X
Ambulance,X
American Flag,X
American Football,X
American Football (Ball),X
American Football Game,X
Amethyst,X
Ammunition,X
Ampersand,X
Amphibian,X
Amphibious Vehicle,X
Amphiprion,X
Amphitheatre,X
Amplifier,X
Amusement Park,X
Anaconda,X
Anakena,X
Analog Clock,X
Anchor,X
Andalusian Horse,X
Anemone,X
Angel,X
Angelfish,X
Angkor Wat,X
Angler,X
Angora,X
Angry,X
Angus,X
Anhinga,X
Animal,X
Anime,X
Anise,food
Ankle,X
Anklet,X
Annonaceae,X
Anole,X
Anseriformes,X
Ant,X
Anteater,X
Antelope,X
Antelope Canyon,X
Antenna,X
Anther,X
Anthracite,X
Anthurium,X
Anthus,X
Antique Car,X
Antler,X
Anvil,X
Apartment Building,X
Ape,X
Aphid,X
Apiaceae,X
Apiary,X
Apidae,X
Appenzeller,X
Applause,X
Apple,food
Apple Pie,food
Appliance,X
Applique,X
Apricot,food
Apron,X
Apse,X
Aquarium,X
Aquatic,X
Aqueduct of Segovia,X
Aquilegia,X
Araceae,X
Arbour,X
Arc De Triomphe,X
Arcade Game Machine,X
Arch,X
Arch Bridge,X
Archaeology,X
Archer,X
Archery,X
Architecture,X
Arctic Fox,X
Arena,X
Arenaria,X
Argentina Flag,X
Argiope,X
Arguing,X
Arm,X
Armadillo,X
Armchair,X
Armor,X
Armored,X
Armory,X
Army,X
Arrest,X
Arrow,X
Arrowhead,X
Art,X
Art Gallery,X
Artichoke,food
Artillery,X
Arugula,X
Ashtray,X
Asparagus,food
Assembly Line,X
Astragalus,X
Astronaut,X
Astronomy,X
Athlete,X
Atlas,X
Atm,X
Atoll,X
Atomium,X
Attic,X
Attorney,X
Atv,X
Audience,X
Auditorium,X
Aurora,X
Australia Flag,X
Austria Flag,X
Auto Racing,X
Autumn,X
Avalanche,X
Avocado,food
Avocado Toast,X
Awning,X
Axe,X
Axle,X
Azure Sky,X
Baboon,X
Baby,X
Baby Crawling,X
Baby Laughing,X
Back,X
Backlighting,X
Backpack,X
Backpacking,X
Backyard,X
Bacon,food
Badge,X
Badger,X
Badlands National Park,X
Badminton,X
Bag,X
Bagel,food
Baggage,X
Bagpipe,X
Baguette,food
Bakery,X
Baking,X
Balance Beam,X
Balcony,X
Bald Eagle,X
Ball,X
Ballerina,X
Ballet,X
Balloon,X
Ballplayer,X
Ballroom,X
Bamboo,food
Bamboo Shoot,food
Banana,food
Banana Boat,X
Bandage,X
Bandana,X
Bangladesh Flag,X
Bangles,X
Banjo,X
Banner,X
Banquet,X
Banyan,X
Bar,X
Bar Chart,X
Bar Counter,X
Bar Stool,X
Barbed Wire,X
Barbershop,X
Barbie,X
Barefoot,X
Barge,X
Barn,X
Barrel,X
Barricade,X
Bartender,X
Baseball,X
Baseball (Ball),X
Baseball Bat,X
Baseball Cap,X
Baseball Game,X
Baseball Glove,X
Basement,X
Basin,X
Basket,X
Basketball,X
Basketball (Ball),X
Basketball Game,X
Bass Guitar,X
Bastei,X
Bat,X
Bath Towel,X
Bathing,X
Bathing Cap,X
Bathroom,X
Bathtub,X
Batman,X
Batman Logo,X
Baton,X
Batting Helmet,X
Battleship,X
Battling Ropes,X
Bay,X
Bay Window,X
Bayon Temple,X
Bazaar,X
Bbq,food
Beach,X
Beach Wagon,X
Beachwear,X
Beacon,X
Bead,X
Bead Necklace,X
Beagle,X
Beak,X
Bean,food
Bean Bag,X
Bean Sprout,food
Beanie,X
Bear,X
Beard,X
Beauty Salon,X
Beaver,X
Bed,X
Bed Sheet,X
Bedroom,X
Bee,X
Bee Eater,X
Beef,food
Beer,food
Beer Bottle,food
Beer Glass,food
Belgium Flag,X
Bell,X
Bell Pepper,food
Bell Tower,X
Belt,X
Beluga Whale,X
Bench,X
Bench Press,X
Berlin Wall Memorial,X
Berliner Fernsehturm,X
Berry,food
Beverage,food
Bib,X
Bicep Curls,X
Bicycle,X
Bikini,X
Billboard,X
Billiard Room,X
Billiards,X
Binoculars,X
Biplane,X
Birch,X
Bird,X
Bird Feeder,X
Birdbath,X
Birthday Cake,X
Birthday Party,X
Bishop,X
Bison,X
Biting,X
Black,X
Black Bear,X
Black Cat,X
Black Hair,X
Black Swan,X
Black Widow,X
Blackberry,food
Blackbird,X
Blackboard,X
Blade,X
Blanket,X
Blazer,X
Blender,X
Blending Ingredients,X
Blimp,X
Blizzard,X
Blonde,X
Blouse,X
Blow Dryer,X
Blowing Out Candles,X
Blue,X
Blue Hair,X
Blue Jay,X
Blueberry,food
Bluebird,X
Blueprint,X
Bmx,X
Boar,X
Boarding,X
Boarding Pass,X
Boardwalk,X
Boat,X
Boat Racing,X
Boating,X
Bobsled,X
Body Part,X
Boiling,X
Bok Choy,food
Bomb,X
Bomber,X
Bonfire,X
Bongo,X
Bonito,X
Bonnet,X
Bonsai,X
Booby,X
Book,X
Bookcase,X
Bookstore,X
Boot,X
Boston Bull,X
Bottle,X
Boutique,X
Bow,X
Bow Tie,X
Bowl,X
Bowling,X
Bowling Ball,X
Box,X
Box Turtle,X
Boxer,X
Boxing,X
Boy,X
Bra,X
Brace,X
Bracelet,X
Bracket,X
Braid,X
Brain Coral,X
Brake,X
Brandenburg Gate,X
Brass Section,X
Brazil Flag,X
Bread,food
Bread Loaf,X
Breakfast,X
Brewery,X
Brick,X
Bridal Veil,X
Bride,X
Bridegroom,X
Bridesmaid,X
Bridge,X
Bridge Of Sighs,X
Bridge Yoga Pose,X
Brie,food
Briefcase,X
Brihadeeswara Temple,X
Broccoli,food
Bronze,X
Brooch,X
Brooklyn Bridge,X
Broom,X
Brown Bear,X
Brown Hair,X
Brown Rice,food
Brownie,food
Brunch,food
Brush,X
Brussel Sprouts,food
Bubble,X
Bubble Tea,food
Bucket,X
Buckingham Palace,X
Buckle,X
Bud,X
Buddha,X
Buffalo,X
Buffet,food
Buggy,X
Bugle,X
Building,X
Building Complex,X
Building Flooding,X
Building Sand Castles,X
Bull,X
Bulldog,X
Bulldozer,X
Bullet,X
Bullet Train,X
Bullfighter,X
Bullfighting,X
Bullring,X
Bumblebee,X
Bumper,X
Bun,food
Bun (Hairstyle),X
Bungee,X
Bunk Bed,X
Bunker,X
Burger,food
Burj Al Arab,X
Burj Khalifa,X
Burner,X
Burrito,food
Bus,X
Bus Stop,X
Bush,X
Business Card,X
Butcher Shop,X
Butter,food
Butterfly,X
Buzzard,X
Cabbage,food
Cabin,X
Cabin In The Woods,X
Cabinet,X
Cable,X
Cable Car,X
Cactus,X
CAD Diagram,X
Cafe,food
Cafeteria,X
Cage,X
Cake,food
Calculator,X
Calendar,X
Calf,X
Calligraphy,X
Camel,X
Camera,X
Camera Lens,X
Camouflage,X
Camping,X
Campus,X
Can,X
Can Opener,X
Canada Flag,X
Canal,X
Canary,X
Candle,X
Candlestick,X
Candlestick Chart,X
Candy,food
Cane,X
Canine,X
Canned Goods,X
Cannon,X
Ca�o Cristales,X
Canoe,X
Canoeing,X
Canopy,X
Canopy Bed,X
Canvas,X
Canyon,X
Cap,X
Cape,X
Capitol Hill,X
Capsule,X
Captain,X
Car,X
Car - Exterior,X
Car - Interior,X
Car Back - Damaged,X
Car Dealership,X
Car Dent,X
Car Engine,X
Car Front - Damaged,X
Car Mirror,X
Car Mirror - Broken,X
Car Scratch,X
Car Seat,X
Car Show,X
Car Trunk,X
Car Wash,X
Car Wheel,X
Car Window,X
Car Window - Broken,X
Caramel,food
Caravan,X
Cardamom,food
Cardboard,X
Cardigan,X
Cardinal,X
Cargo,X
Cargo Container,X
Carnation,X
Carnival,X
Carousel,X
Carp,X
Carpenter,X
Carriage,X
Carrot,food
Carton,X
Cartoon,X
Casa Mil�,X
Casino,X
Cassette,X
Cassette Player,X
Castle,X
Cat,X
Cathedral,X
Cattle,X
Cauliflower,food
Cave,X
Cd Player,X
Ceiling Fan,X
Ceiling Light,X
Celebrating,X
Cello,X
Centre Georges Pompidou,X
Cereal Bowl,X
Chain,X
Chain Mail,X
Chain Saw,X
Chair,X
Chaise,X
Chandelier,X
Chapel,X
Charminar,X
Chart,X
Chasing,X
Ch�teau de Chambord,X
Ch�teau de Villandry,X
Checkout Counter,X
Cheerleading,X
Cheese,food
Cheesecake,food
Cheetah,X
Chef,X
Cheque,X
Cherry,food
Cherry Blossom,X
Chess,X
Chest Of Drawers,X
Chhatrapati Shivaji Maharaj Terminus,X
Chia Seeds,food
Chichen Itza,X
Chicken,food
Chihuahua,X
Child,X
Childbirth,X
Chile Flag,X
Chime,X
China Cabinet,X
China Flag,X
Chinchilla,X
Chinese New Year,X
Chocolate,food
Chopping Board,X
Chopping Ingredients,X
Chopsticks,X
Chow,X
Christ the Redeemer,X
Christmas,X
Christmas Decorations,X
Christmas Stocking,X
Christmas Tree,X
Christmas Tree Ornaments,X
Church,X
Cilantro,food
Cinema,X
Cinque Terre,X
Circuit Diagram,X
Circus,X
Citrus Fruit,X
City,X
Cityscape,X
Clam,X
Clamp,X
Clapperboard,X
Clarinet,X
Classroom,X
Claw,X
Cleaning,X
Cliff,X
Climbing,X
Clinic,X
Cloak,X
Clock,X
Clock Tower,X
Clogs,X
Closet,X
Clothes Iron,X
Clothing,X
Cloud,X
Cloud Gate - Chicago,X
Clown,X
Club,X
Clutch Wheel,X
CN Tower,X
Coal,X
Coast,X
Coast Guard,X
Coat,X
Coat Rack,X
Cobblestone,X
Cobra,X
Cockatoo,X
Cocker Spaniel,X
Cockpit,X
Cockroach,X
Cocktail,food
Cocoa,food
Coconut,food
Cod,X
Coffee,food
Coffee Beans,food
Coffee Cup,X
Coffee Table,X
Coffin,X
Coho,X
Coil,X
Coin,X
Coke,food
Collage,X
Collar,X
College,X
Collie,X
Colombia Flag,X
Colosseum,X
Colt Horse,X
Comb,X
Combination Lock,X
Comet,X
Comics,X
Compass,X
Compass Math,X
Computer,X
Computer Hardware,X
Computer Keyboard,X
Concert,X
Conch,X
Concrete,X
Condo,X
Condor,X
Cone,X
Confetti,X
Conga,X
Conifer,X
Construction,X
Construction Crane,X
Contact Lens,X
Control Tower,X
Convention Center,X
Conversation,X
Convertible,X
Cooker,X
Cookie,food
Cooking,X
Cooking Batter,X
Cooking Oil,food
Cooking Pan,X
Cooking Pot,X
Cooktop,X
Cookware,X
Cooler,X
Coral Reef,X
Cork,X
Cormorant,X
Corn,food
Cornbread,food
Corner,X
Cornrows,X
Corridor,X
Corrosion,X
Corset,X
Cosmetics,X
Cosplay,X
Costume,X
Cottage,X
Cotton,X
Couch,X
Cougar,X
Countryside,X
Coupe,X
Courtroom,X
Cove,X
Cow,X
Cowbell,X
Cowboy Boot,X
Cowboy Hat,X
Coyote,X
Cpu,X
Crab,X
Cracker,food
Cradle,X
Crane Bird,X
Crash Helmet,X
Crate,X
Crater,X
Crawdad,X
Crawling,X
Crayon,X
Cream,food
Credit Card,X
Creek,X
Crepe,food
Crew Cut,X
Crib,X
Cricket,X
Cricket Ball,X
Cricket Bat,X
Cricket Insect,X
Crime Scene,X
Crocodile,X
Crocus,X
Croissant,food
Croquet,X
Cross,X
Cross Country,X
Crossbow,X
Crossword Puzzle,X
Crow,X
Crowd,X
Crown,X
Crucifix,X
Cruise Ship,X
Cruiser,X
Crying,X
Crypt,X
Crystal,X
Ct Scan,X
Cucumber,food
Cuddling,X
Cuff,X
Culinary,X
Cumin,food
Cumulus,X
Cup,X
Cupboard,X
Cupcake,food
Cupid,X
Curling,X
Curly Hair,X
Curry,food
Curtain,X
Cushion,X
Custard,food
Cutlery,X
Cutlet,food
Cycling,X
Cylinder,X
Czech Republic Flag,X
Daffodil,X
Dagger,X
Dahlia,X
Dairy,X
Dairy Cow,X
Daisy,X
Dalmatian,X
Dam,X
Dance Pose,X
Dancing,X
Dandelion,X
Darts,X
Dating,X
Dead Lift,X
Debate,X
Deck,X
Deer,X
Deli,X
Demolition,X
Den,X
Denmark Flag,X
Dentist,X
Deodorant,X
Desert,X
Desk,X
Desktop,X
Dessert,X
Destroyer,X
Device,X
Diagram,X
Dial Telephone,X
Diamond,X
Diaper,X
Diary,X
Dice,X
Digital Camera,X
Digital Clock,X
Digital Watch,X
Dill,X
Dime,X
Dimples,X
Diner,X
Dinghy,X
Dining Room,X
Dining Table,X
Dinner,X
Dinosaur,X
Dip,food
Diploma,X
Disco,X
Dish,X
Dishwasher,X
Disk,X
Disposable Cup,X
Ditch,X
Diving,X
Diwali,X
Dj,X
Doctor,X
Document,X
Dodo,X
Dog,X
Dog Bed,X
Dog House,X
Dogsled,X
Doll,X
Dollar,X
Dolphin,X
Dome,X
Dome Of The Rock,X
Domino,X
Donkey,X
Donut,food
Doodle,X
Door,X
Doormat,X
Dorm Room,X
Double Decker Bus,X
Double Sink,X
Dough,X
Dove,X
Downtown,X
Downward Dog Yoga Pose,X
Dragon,X
Dragonfly,X
Drain,X
Drawbridge,X
Drawer,X
Drawing,X
Dredger,X
Dress,X
Dress Shirt,X
Dresser,X
Dressing Room,X
Driftwood,X
Drilling Rig,X
Drinking,X
Drinking Alcohol,X
Drinking Fountain,X
Drive Shaft,X
Driveway,X
Driving,X
Driving License,X
Droplet,X
Drum,X
Drummer,X
Drying Rack,X
Dubai Frame,X
Duck,X
Duel,X
Duet,X
Dugout,X
Dumpling,food
Dune,X
Dung Beetle,X
Dungeon,X
Duomo Di Milano,X
Durian,food
Dutch Oven,X
Dvd,X
Dye,X
Dynamite,X
Eagle,X
Ear,X
Earbuds,X
Earring,X
Earth,X
Earthquake,X
Easter Egg,food
Eating,X
Eclipse,X
Eel,X
Egg,food
Eggplant,food
Egret,X
Egypt Flag,X
Egyptian Cat,X
Eiffel Tower,X
Elbphilharmonie Hamburg,X
Electric Fan,X
Electric Guitar,X
Electric Transmission Tower,X
Electrical Device,X
Electrical Outlet,X
Electronic Chip,X
Electronics,X
Elephant,X
Elevator,X
Elf,X
Elk,X
Elliptical Trainer,X
Eltz Castle,X
Emblem,X
Embroidery,X
Emerald,X
Empire State Building,X
Emu,X
Enchilada,food
Engine,X
Entertainment Center,X
Envelope,X
Equestrian,X
Eruption,X
E-scooter,X
Eskimo Dog,X
Espresso,food
Evening Dress,X
Exchange Of Vows,X
Executive,X
Exercise Bike,X
Explosion,X
Extinguishing Fire,X
Face,X
Face Makeup,X
Factory,X
Fallen Person,X
Fallingwater,X
Family,X
Farm,X
Farm Plow,X
Farmer's Market,X
Fashion,X
Feather Boa,X
Female,X
Fence,X
Fencing,X
Fern,X
Ferret,X
Ferris Wheel,X
Ferry,X
Festival,X
Field,X
Field Hockey,X
Field Hockey Stick,X
Fig,food
Fighting,X
Figure Skating,X
Figurine,X
File,X
File Binder,X
File Folder,X
Filing Cabinet,X
Finch,X
Finger,X
Finland Flag,X
Fir,X
Fire,X
Fire Hydrant,X
Fire Screen,X
Fire Station,X
Fire Truck,X
Firearm,X
Firefly,X
Fireman,X
Fireplace,X
Fireworks,X
First Aid,X
Fish,food
Fisheye,X
Fishing,X
Fishing Lure,X
Fist,X
Fitness,X
Flag,X
Flagstone,X
Flame,X
Flamenco,X
Flamingo,X
Flare,X
Flash Mob,X
Flashlight,X
Flat Bed Truck,X
Flatiron Building - New York,X
Flax,food
Flaxseed,food
Flea,X
Fleece,X
Flight,X
Flip-Flop,X
Flock,X
Flood,X
Floor,X
Floor Lamp,X
Floor Plan,X
Flooring,X
Floral Design,X
Flour,food
Flow Chart,X
Flower,X
Flower Arrangement,X
Flower Bouquet,X
Flugelhorn,X
Flute,X
Fly,X
Flying,X
Foal,X
Foam,X
Fog,X
Foil,X
Folding Door,X
Fondue,food
Food,X
Food Court,X
Food Presentation,X
Food Truck,X
Football,X
Football Helmet,X
Footprint,X
Footwear,X
Forbidden City,X
Forest Fire,X
Forge,X
Fork,X
Forklift,X
Form,X
Formal Wear,X
Formula One,X
Fort,X
Fortress,X
Fossil,X
Fountain,X
Fountain Pen,X
Fowl,X
Fox,X
Foxglove,X
Foyer,X
Fractal,X
France Flag,X
Freckle,X
Freeway,X
Freight Car,X
Freighter,X
French Bulldog,X
French Door,X
French Horn,X
French Window,X
Fried Chicken,food
Fried Egg,food
Fries,food
Frisbee,X
Frittata,food
Fritters,food
Frog,X
Frost,X
Frown,X
Frozen Yogurt,food
Fruit,food
Frying,X
Frying Pan,X
Fudge,food
Full Moon,X
Fun,X
Funeral,X
Fungus,X
Fur,X
Furniture,X
Fuse,X
Gambling,X
Game,X
Gantt Chart,X
Garage,X
Garbage,X
Garbage Truck,X
Garden,X
Garden Spider,X
Gardener,X
Gardening,X
Gargoyle,X
Garlic,food
Gas Mask,X
Gas Pump,X
Gas Station,X
Gas Stove,X
Gate,X
Gateway Arch,X
Gateway Of India - Mumbai,X
Gauge,X
Gazebo,X
Gazelle,X
Gear,X
Gearshift,X
Gecko,X
Gemstone,X
Generator,X
Geranium,X
German Shepherd,X
Germany Flag,X
Geyser,X
Gherkin,X
Giant Panda,X
Giant's Causeway,X
Gift,X
Gin,food
Ginger,food
Gingerbread,food
Giraffe,X
Girl,X
Glacier,X
Gladiolus,X
Glass,X
Glasses,X
Glider,X
Gliding,X
Glitter,X
Globe,X
Glove,X
Goa Gajah,X
Goat,X
Goblet,food
Goggles,X
Gold,X
Gold Medal,X
Golden Gate Bridge,X
Golden Retriever,X
Golden Temple - Amritsar,X
Goldfish,X
Golf,X
Golf Ball,X
Golf Cart,X
Golf Club,X
Golf Course,X
Gondola,X
Gong,X
Goose,X
Gorilla,X
Gothic Arch,X
Gourd,food
Gown,X
GPS,X
Graduation,X
Graffiti,X
Grain,food
Grand Canyon,X
Grand People's Study House,X
Grand Piano,X
Granite,X
Granola,food
Grapefruit,food
Grapes,food
Graphics,X
Grass,X
Grasshopper,X
Grassland,X
Grater,X
Grating Food,X
Gravel,X
Gravestone,X
Graveyard,X
Gravy,food
Gray,X
Grazing,X
Great Buddha - Japan,X
Great Dane,X
Great Pyramids of Giza,X
Great Wall of China,X
Great White Shark,X
Green,X
Green Bean,food
Green Hair,X
Green Lizard,X
Green Snake,X
Green Tea,food
Green Vault,X
Greenhouse,X
Greeting Card,X
Grenade,X
Grey Fox,X
Grille,X
Grilling,X
Grocery Store,X
Ground,X
Group Performance,X
Groupshot,X
Grouse,X
Grove,X
Guacamole,food
Guard,X
Guard Rail,X
Guggenheim Museum - Bilbao,X
Guitar,X
Guitarist,X
Gum,food
Gun,X
Gutter,X
Gym,X
Gym Weights,X
Gymnast,X
Gymnastics,X
Hacienda,X
Hagia Sofia,X
Hail,X
Hair,X
Hair Slide,X
Haircut,X
Hairdresser,X
Half Track,X
Halibut,X
Hall,X
Halloween,X
Hallway,X
Halter,X
Ham,food
Hammer,X
Hammock,X
Hamster,X
Hand,X
Handbag,X
Handball,X
Handcuffs,X
Handgun,X
Hand-Held Computer,X
Handicraft,X
Handle,X
Handrail,X
Handsaw,X
Handshake,X
Handstand,X
Handwriting,X
Hang Gliding,X
Hangar,X
Hanger,X
Hanukkah Menorah,X
Happy,X
Harbor,X
Hard Disk,X
Hardhat,X
Hardware,X
Hardwood,X
Hare,X
Harmonica,X
Harness,X
Harp,X
Harvest,X
Hat,X
Hatchback,X
Hawa Mahal,X
Hawk,X
Head,X
Head Cabbage,food
Headband,X
Headbanging,X
Headlight,X
Headphones,X
Headrest,X
Headstand,X
Heart,X
Hearth,X
Heat Map,X
Heater,X
Hedge,X
Hedgehog,X
Heel,X
Helicopter,X
Helmet,X
Hemp,X
Hen,X
Henna,X
Herbal,X
Herbs,X
Herd,X
Heron,X
Herring,X
Hibiscus,X
Hiding,X
High Heel,X
High Jump,X
High Rise,X
Highchair,X
Highlighted Hair,X
Highway,X
Hiking,X
Hill,X
Hip,X
Hippie,X
Hippo,X
Ho Chi Minh Mausoleum,X
Hockey,X
Hoe,X
Hog,X
Holding Hands,X
Hole,X
Holi,X
Hollywood Sign,X
Home Damage,X
Home Decor,X
Home Renovation Work,X
Home Theater,X
Honey,food
Honey Bee,X
Honeycomb,X
Hong Kong SAR Flag,X
Hood,X
Hoodie,X
Hook,X
Hoop,X
Hoover Dam,X
Horizon,X
Horn,X
Horse,X
Horse Cart,X
Horse Racing,X
Horseback Riding,X
Horseshoe,X
Hose,X
Hosiery,X
Hospital,X
Hostel,X
Hot Air Balloon,X
Hot Chocolate,food
Hot Dog,food
Hot Pot,X
Hot Rod,X
Hot Tub,X
Hotel,X
Hound,X
Hourglass,X
House,X
Housing,X
Hovercraft,X
Hub,X
Hubcap,X
Huddle,X
Hugging,X
Hula,X
Hummingbird,X
Hunting,X
Hurdle,X
Hurricane,X
Husky,X
Hut,X
Hydrant,X
Hydrofoil,X
Hyena,X
Ice,X
Ice Cream,food
Ice Hockey,X
Ice Hockey Puck,X
Ice Hockey Stick,X
Ice Pop,food
Ice Skating,X
Ice Skating Dancing,X
Iceberg,X
Icebreaker,X
Icicle,X
Icing,food
Id Cards,X
Igloo,X
Iguana,X
Ikebana,X
Impala,X
Incense,X
India Flag,X
India Gate,X
Indonesia Flag,X
Indoor Play Area,X
Indoors,X
Infant Bed,X
Inflatable,X
Injection,X
Injury,X
Ink Bottle,X
Inn,X
Insect,X
Interior Design,X
Intersection,X
Interview,X
Invertebrate,X
Invoice,X
Iphone,X
Ipod,X
iPod Shuffle,X
Iran Flag,X
Ireland Flag,X
Iris,X
Island,X
Israel Flag,X
Italy Flag,X
Ivory,X
Ivy,X
Jacket,X
Jackfruit,food
Jack-o-lantern,X
Jade,X
Jaguar Car,X
Jal Mahal,X
Jam,food
Japan Flag,X
Jar,X
Jaw,X
Jay,X
Jeans,X
Jeep,X
Jelly,food
Jellyfish,X
Jersey,X
Jet,X
Jet Ski,X
Jewelry,X
Jewelry Store,X
Jigsaw Puzzle,X
Joystick,X
Judge,X
Judo,X
Jug,X
Juggling,X
Juice,food
Jumping,X
Junagarh Fort - Bikaner,X
Jungle,X
Jury,X
Kabba - Mecca,X
Kale,food
Kangaroo,X
Karaoke,X
Karate,X
Kart,X
Kayak,X
Kayaking,X
Keg,food
Kennel,X
Ketchup,food
Kettle,X
Kettledrum,X
Key,X
Keyboard,X
Khaki,X
Kicking,X
Kilt,X
Kimono,X
Kindergarten,X
King Crab,food
King Penguin,X
King Snake,X
Kiosk,X
Kissing,X
Kit Fox,X
Kitchen,X
Kitchen Island,X
Kitchen Peeler,X
Kitchen Utensil,X
Kite,X
Kite Bird,X
Kitten,X
Kiwi,food
Kiwi Bird,X
Kneading Dough,X
Knee,X
Kneeling,X
Knife,X
Knight,X
Knitting,X
Knitwear,X
Knot,X
Koala,X
Kohlrabi,food
Koi,X
Konark Sun Temple,X
Korea Flag,X
Kronborg Castle,X
Kyoto Imperial Palace,X
La Sagrada Familia,X
Lab,X
Lab Coat,X
Laboratory,X
Labrador Retriever,X
Lace,X
Ladle,X
Lady,X
Lager,food
Lagoon,X
Laguna Colorada,X
Lake,X
Lake Pichola,X
Lakefront,X
Lamp,X
Lamp Post,X
Lampshade,X
Land,X
Landfill,X
Landing,X
Landmark,X
Landscape,X
Landslide,X
Lantern,X
Laptop,X
Larch,X
Lasagna,food
Laser,X
Latex Clothing,X
Lathe,X
Latte,food
Latte Art,X
Laughing,X
Launch,X
Laundry,X
Lava,X
Lavender,X
Lawn,X
Lawn Mower,X
Leaf,X
Leafy Green Vegetable,food
Leash,X
Leather Jacket,X
Lecture,X
Lecture Hall,X
LED,X
Leek,food
Leg Press,X
Lego Set,X
Lei,X
Leisure Activities,X
Lemon,food
Lemonade,food
Lemur,X
Len��is Maranhenses National Park,X
Lens Cap,X
Lentil,food
Leshan Giant Buddha,X
Lesser Panda,X
Letter,X
Letter Opener,X
Lettuce,food
Liberty Bell,X
Library,X
License Plate,X
Life Buoy,X
Lifejacket,X
Light,X
Light Fixture,X
Lightbulb,X
Lighter,X
Lighthouse,X
Lighting,X
Lightning,X
Lilac,X
Lily,X
Lime,food
Limestone,X
Limo,X
Lincoln Memorial,X
Line Chart,X
Linen,X
Lingerie,X
Lion,X
Lipstick,X
Liquor,food
Little Mermaid,X
Livestock,X
Living Room,X
Lizard,X
Llama,X
Loading Dock,X
Lobster,food
Lock,X
Locker,X
Locket,X
Locomotive,X
Loft,X
Log Cabin,X
Logo,X
Lollipop,food
Long Jump,X
Long Sleeve,X
Longhorn,X
Lotion,X
Lotus Temple,X
Lotus Yoga Pose,X
Lounge,X
Love Heart Symbol,X
Lumber,X
Lunar Eclipse,X
Lunch,X
Lupin,X
Lute,X
Lynx,X
Lyre,X
Mac and Cheese,food
Macaroni,food
Macarons,food
Macaw,X
Mace Club,X
Machine,X
Machine Gun,X
Machu Picchu,X
Magazine,X
Magician,X
Magnifying,X
Magpie,X
Mahabodhi Temple,X
Mail,X
Mailbox,X
Makeup,X
Malaysia Flag,X
Male,X
Mallard,X
Mallet,X
Mammal,X
Man,X
Manatee,X
Mandolin,X
Manga,X
Mango,food
Manhole,X
Manicure,X
Manneken Pis,X
Mannequin,X
Manor,X
Mansion,X
Manta Ray,X
Mantis,X
Manufacturing,X
Manx,X
Map,X
Maple,X
Maple Leaf,X
Maraca,X
Marathon,X
Marble,X
Marching,X
Mardi Gras,X
Marina,X
Marker,X
Market,X
Maroon,X
Martial Arts,X
Martini,food
Mascara,X
Mascot,X
Mashed Potato,food
Mashing Food,X
Mask,X
Mason Jar,X
Massage,X
Mat,X
Mathematical Equation,X
Mattock,X
Mattress,X
Mausoleum of Emperor Khai Dinh,X
Mayonnaise,food
Maze,X
Meadow,X
Meal,X
Measurements,X
Measuring Cup,X
Meat,food
Meat Loaf,X
Meatball,food
Mecca,X
Medical Procedure,X
Medication,X
Medicine Chest,X
Meenakshi Amman Temple,X
Meerkat,X
Meeting Room,X
Melon,food
Menu,X
Mercedes-Benz Museum,X
Mesa,X
Metalworking,X
Metropolis,X
Mexico Flag,X
Microphone,X
Microscope,X
Microwave,X
Military,X
Military Base,X
Military Officer,X
Military Uniform,X
Milk,food
Milk Can,X
Milkshake,food
Milky Way,X
Millau Bridge - France,X
Mime,X
Mimosa,food
Mineral,X
Mineral Water,X
Mini Golf,X
Minibus,X
Mining,X
Miniskirt,X
Minivan,X
Mint,X
Mirror,X
Missile,X
Mist,X
Mixer,X
Mixing Bowl,X
Mixing Food,X
Moat,X
Mobile Home,X
Mobile Phone,X
Model T,X
Modem,X
Modern Art,X
Mohawk Hairstyle,X
Mojito,food
Mold,X
Mold Damage,X
Mole,X
Monarch,X
Monastery,X
Money,X
Monitor,X
Monk,X
Monkey,X
Monorail,X
Monument,X
Monument Valley,X
Moon,X
Moose,X
Moped,X
Mortar,X
Mortar Shell,X
Mosaic,X
Mosque,X
Mosque Of Cordoba,X
Mosquito,X
Mosquito Net,X
Moss,X
Motel,X
Moth,X
Motocross,X
Motor,X
Motor Scooter,X
Motorcycle,X
Mound,X
Mount Rushmore National Memorial,X
Mountain,X
Mountain Bike,X
Mountain Goat,X
Mountain Range,X
Mountain Tent,X
Mouse,X
Mousepad,X
Mousse,food
Mouth,X
Moving Van,X
Mowing Lawn,X
Mud,X
Muffin,food
Mullet Fish,X
Mural,X
Museum,X
Mushroom,food
Music,X
Music Band,X
Musical Instrument,X
Musician,X
Mustache,X
Mustang,X
Mustard,food
Mutton,food
My Son Sanctuary - Vietnam,X
N Seoul Tower,X
Nachos,food
Nail,X
Nail Polish,X
Napkin,X
Nature,X
Navel,X
Navy,X
Nebula,X
Neck,X
Necklace,X
Necktie,X
Neighborhood,X
Neon,X
Nest,X
Netherlands Flag,X
Network,X
Neuschwanstein Castle,X
New Zealand Flag,X
Newborn,X
Newfoundland,X
Newgrange,X
Newspaper,X
Newsstand,X
Nickel,X
Nigeria Flag,X
Night,X
Night Club,X
Night Life,X
Ninja,X
Noodle,food
Noodle Soup,food
North Korea Flag,X
Norway Flag,X
Notebook,X
Novel,X
Nuclear,X
Nuclear Explosion,X
Nuggets,food
Number,X
Nurse,X
Nursery,X
Nut,food
Nutcracker,X
Nymphenburg Palace,X
Oak,X
Oars,X
Oatmeal,food
Obelisk,X
Oboe,X
Observatory,X
Ocean Floor,X
Ocelot,X
Octopus,X
Office,X
Office Building,X
Office Chair,X
Officer,X
Offroad,X
Oil Spill,X
Oilfield,X
Okra,food
Omelette,food
One World Trade Center,X
Onion,food
Opal,X
Opening Present,X
Opera House,X
Operating Theatre,X
Orange,food
Orange Juice,food
Orangutan,X
Orca,X
Orchestra,X
Orchestra Pit,X
Orchid,X
Oriental Pearl TV Tower,X
Origami,X
Ornament,X
Oscilloscope,X
Ostrich,X
Otter,X
Ottoman,X
Outdoor Play Area,X
Outdoors,X
Outer Space,X
Outhouse,X
Outrigger,X
Oval,X
Oven,X
Overcoat,X
Overhead Press,X
Overpass,X
Owl,X
Ox,X
Oyster,food
Pac Man,X
Package,X
Package Delivery,X
Paddle,X
Paddy Field,X
Paella,food
Page,X
Pagoda,X
Pain,X
Paint Container,X
Paintball,X
Painting,X
Paisley,X
Pajamas,X
Pakistan Flag,X
Palace,X
Palace of Westminster,X
Palette,X
Palm Islands - United Arab Emirates,X
Palm Tree,X
Pancake,food
Panoramic,X
Pansy,X
Pantheon,X
Panther,X
Panties,X
Pantry,X
Pants,X
Pantyhose,X
Paparazzi,X
Papaya,food
Paper,X
Paper Towel,X
Papillon,X
Para Rubber Tree,X
Parabolic Antennas,X
Parachute,X
Parade,X
Paragliding,X
Parakeet,X
Park,X
Park Bench,X
Parking Lot,X
Parking Meter,X
Parliament,X
Parrot,X
Parsley,food
Parsnip,food
Parthenon,X
Partridge,X
Party,X
Party Hat,X
Passenger Car,X
Passport,X
Pasta,food
Pastry,food
Pasture,X
Patchwork,X
Path,X
Patient,X
Patio,X
Patio Umbrella,X
Pattern,X
Pc,X
Pea,food
Peace Memorial Park Hiroshima,X
Peach,food
Peacock,X
Peak,X
Peanut,food
Peanut Butter,food
Pear,food
Pearl,X
Pebble,X
Pecan,food
Pedal,X
Pedestrian,X
Peel,food
Peeling,X
Peeps,food
Pelican,X
Pen,X
Pencil,X
Pencil Box,X
Pendant,X
Penguin,X
Peninsula,X
Pentagon,X
Penthouse,X
Peony,X
People,X
Pepper,food
Perch,X
Percussion,X
Performer,X
Perfume,X
Pergola,X
Persimmon,food
Person,X
Pet,X
Petal,X
Petra,X
Petrol,X
Petronas Twin Towers,X
PEZ Dispenser,X
Pharmacy,X
Pheasant,X
Philippines Flag,X
Phone,X
Phone Booth,X
Photo Booth,X
Photo Frame,X
Photobombing,X
Photographer,X
Photographic Film,X
Photography,X
Photoshoot,X
Pianist,X
Piano,X
Picket,X
Picket Fence,X
Pickle,food
Pickup Truck,X
Picnic,X
Picnic Basket,X
Picture Window,X
Pie,food
Pie Chart,X
Pier,X
Piercing,X
Pig,X
Pigeon,X
Piggy Bank,X
Pike,X
Pilates,X
Pill,X
Pillar,X
Pillow,X
Pin,X
Pinata,X
Pine,X
Pineapple,food
Ping Pong,X
Ping Pong Paddle,X
Pink Hair,X
Pipeline,X
Pirate,X
Piste,X
Pit Stop,X
Pita,food
Pitbull,X
Pixie Cut,X
Pizza,food
Plan,X
Planet,X
Planetarium,X
Plank Exercise,X
Plant,X
Planter,X
Planting,X
Plaque,X
Plastic,X
Plastic Bag,X
Plastic Wrap,X
Plate,X
Plate Rack,X
Plateau,X
Platinum,X
Platter,food
Play,X
Play Area,X
Playing American Football,X
Playing Baseball,X
Playing Basketball,X
Playing Cricket,X
Playing Golf,X
Playing Keyboards,X
Playing Soccer,X
Playing Tennis,X
Playing Volleyball,X
Plectrum,X
Pliers,X
Plot,X
Plug,X
Plum,food
Plumbing,X
Plush,X
Plywood,X
Poached Egg,food
Podium,X
Pointer,X
Poland Flag,X
Polar Bear,X
Pole Vault,X
Police,X
Police Car,X
Police Dog,X
Police Officer,X
Police Station,X
Polka Dot,X
Pollen,X
Pollution,X
Polo,X
Pomegranate,food
Pomelo,food
Poncho,X
Pond,X
Pond Lily,X
Pont du Gard,X
Pont Neuf,X
Ponte Vecchio,X
Ponytail,X
Poodle,X
Pool,X
Pool Table,X
Pop Bottle,X
Popcorn,food
Pope,X
Poppy,X
Porcelain,X
Porch,X
Porcupine,X
Pork,food
Port,X
Porthole,X
Portico,X
Portrait,X
Portugal Flag,X
Possum,X
Post Apocalyptic,X
Postage Stamp,X
Postal Office,X
Postbox,X
Postcard,X
Poster,X
Pot,X
Potala Palace,X
Potato,food
Potted Plant,X
Pottery,X
Potty,X
Poultry,X
Pouring Food,X
Powder,X
Power Drill,X
Power Lines,X
Power Plant,X
Prayer,X
Prayer Beads,X
Premiere,X
Press Conference,X
Pressure Cooker,X
Pretzel,X
Pride Parade,X
Priest,X
Printed Circuit Board,X
Printer,X
Prison,X
Private Mailbox,X
Produce,X
Projection Screen,X
Projector,X
Promontory,X
Propeller,X
Protest,X
Ptarmigan,X
Pub,X
Publication,X
Puddle,X
Puffer,X
Puffin,X
Pug,X
Pull Ups,X
Pump,X
Pumpkin,food
Puppy,X
Purple,X
Purse,X
Push Ups,X
Pushing,X
Putter,X
Pyramid,X
QR Code,X
Quail,X
Quartz,X
Quasedilla,food
Quilt,X
Quince,food
Quiver,X
Qutub Minar,X
Rabbit,X
Raccoon,X
Race Car,X
Racket,X
Radiator,X
Radio,X
Radio Telescope,X
Radish,food
Rafting,X
Railing,X
Railway,X
Rain,X
Rain Barrel,X
Rainbow,X
Raincoat,X
Rainforest,X
Raisins,food
Rake,X
Rally,X
RAM Memory,X
Ramp,X
Ranch,X
Raspberry,food
Rat,X
Rattle,X
Rattlesnake,X
Ravioli,food
Razor,X
Reading,X
Reality Show Judges Panel,X
Receipt,X
Reception,X
Reception Desk,X
Reception Room,X
Recliner,X
Recycling Symbol,X
Red,X
Red Carpet,X
Red Cross,X
Red Fort,X
Red Fox,X
Red Hair,X
Red Wine,food
Red Wolf,X
Redwood,X
Reed,X
Reef,X
Reel,X
Refinery,X
Refrigerator,X
Relish,food
Remote Control,X
Reptile,X
Rescue,X
Reservoir,X
Resort,X
Restaurant,X
Revolving Door,X
Rhino,X
Rhubarb,food
Rialto Bridge,X
Ribs,food
Rice,food
Riding Boot,X
Rifle,X
Ring,X
Rink,X
Riot,X
Ripple,X
River,X
Road,X
Road Sign,X
Road Trip,X
Roast,food
Roasting,X
Robe,X
Robin,X
Robot,X
Rock,X
Rock Beauty,X
Rock Climbing,X
Rock Concert,X
Rock of Gibraltar,X
Rock Python,X
Rocket,X
Rocking Chair,X
Rodent,X
Rodeo,X
Roller Coaster,X
Roller Skating,X
Romania Flag,X
Romantic,X
Roof,X
Roof Damage,X
Roof Rack,X
Room,X
Rooster,X
Root,X
Rope,X
Rope Bridge,X
Rose,X
Rotor,X
Roulette,X
Router,X
Row House,X
Rowboat,X
Rowing,X
Rowing Machine,X
Rubber Eraser,X
Rubble,X
Rubix Cube,X
Rug,X
Rugby,X
Rugby Ball,X
Ruins,X
Running,X
Running Shoe,X
Running Track,X
Runway,X
Rural,X
Russia Flag,X
Rust,X
Rutabaga,food
Rv,X
Sack,X
Sad,X
Saddle,X
Safari,X
Safe,X
Sailboat,X
Sailor Suit,X
Saint Basil's Cathedral,X
Saint Bernard,X
Sake,food
Salad,food
Salad Bar,X
Salamander,X
Salmon,food
Samurai,X
Sand,X
Sandal,X
Sandwich,food
Sandwich Wrap,X
Santa Claus,X
Santorini,X
Sapphire,X
Sardine,X
Sari,X
Sash,X
Satellite,X
Saucepan,X
Saucer,X
Saudi Arabia Flag,X
Sauna,X
Sauteing,X
Savanna,X
Saxophone,X
Scaffolding,X
Scale,X
Scarecrow,X
Scarf,X
Scatter Plot,X
Scenery,X
School,X
School Bus,X
Scientist,X
Scissors,X
Scooter,X
Scoreboard,X
Scorpion,X
Screen,X
Screw,X
Screwdriver,X
Scroll,X
Scuba Diving,X
Sculpture,X
Sea,X
Sea Anemone,X
Sea Life,X
Sea Lion,X
Sea Snake,X
Sea Turtle,X
Sea Waves,X
Seafood,X
Seagull,X
Seahorse,X
Seal,X
Seaplane,X
Seashell,X
Seasoning,X
Seat Belt,X
Seaweed,food
Security,X
Sedan,X
Seed,food
Seesaw,X
Segway,X
Selfie,X
Seminar,X
Senior Citizen,X
Server,X
Sesame,food
Sewer,X
Sewing,X
Sewing Machine,X
Shack,X
Shaker,X
Shallot,food
Shampoo,X
Shanghai World Financial Center,X
Shark,X
Shears,X
Sheep,X
Sheet Music,X
Shelf,X
Shelter,X
Shield,X
Ship,X
Shipping Container,X
Shipwreck,X
Shirt,X
Shoe,X
Shoe Shop,X
Shooting,X
Shooting Range,X
Shop,X
Shopping,X
Shopping Bag,X
Shopping Basket,X
Shopping Cart,X
Shopping Mall,X
Shoreline,X
Shorts,X
Shotgun,X
Shoulder,X
Shouting,X
Shovel,X
Shoving,X
Shower,X
Shower Curtain,X
Shower Faucet,X
Shrimp,X
Shrine,X
Shuffling Cards,X
Shutter,X
Siamese,X
Sideboard,X
Sidecar,X
Sidewalk,X
Siding,X
Sign,X
Signature,X
Silhouette,X
Silk,X
Silver,X
Singapore Flag,X
Singing,X
Sink,X
Sink Faucet,X
Sistine Chapel,X
Sitting,X
Skateboard,X
Skating,X
Skeleton,X
Ski Boot,X
Ski Lift,X
Skiing,X
Skillet,X
Skin,X
Skipping Rope,X
Skirt,X
Skunk,X
Sky,X
Sky Tower - Auckland,X
Skydiving,X
Skylight,X
Skyscraper,X
Slamming,X
Slapping,X
Slate,X
Sled,X
Sleeping,X
Sleeve,X
Sliced,X
Slide,X
Sliding,X
Sliding Door,X
Slingshot,X
Slope,X
Slot,X
Sloth,X
Slow Cooker,X
Slug,X
Slum,X
Small Box Truck,X
Smelling,X
Smile,X
Smog,X
Smoke,X
Smoke Pipe,X
Smoking,X
Smoothie,X
Snack,X
Snail,X
Snake,X
Sneaker,X
Sneezing,X
Sniper,X
Snorkeling,X
Snout,X
Snow,X
Snow Angel,X
Snow Leopard,X
Snowball Fight,X
Snowboarding,X
Snowflake,X
Snowman,X
Snowmobile,X
Snowplow,X
Soaking Ingredients,X
Soap,X
Soccer,X
Soccer Ball,X
Sock,X
Soda,X
Soft Serve Ice Cream,X
Soil,X
Solar Panels,X
Soldier,X
Solo Performance,X
Sombrero,X
Soup,food
Soup Bowl,X
South Africa Flag,X
Soy,food
Spa,X
Space Needle,X
Space Shuttle,X
Space Station,X
Spaceship,X
Spaghetti,food
Spain Flag,X
Spandex,X
Sparrow,X
Spatula,X
Speaker,X
Spear,X
Speech,X
Sphere,X
Spice,food
Spider,X
Spider Web,X
Spinach,food
Spiral,X
Spire,X
Spitting,X
Spoke,X
Sponge,X
Sponge Animal,X
Spoon,X
Sport,X
Sports Car,X
Spotlight,X
Spray Can,X
Spring,X
Spring Break,X
Spring Onion,food
Sprinkler,X
Sprinkles,food
Sprinkling,X
Sprint Race,X
Sprout,X
Spruce,X
Squash,food
Squat,X
Squid,X
Squirrel,X
St. Paul Cathedral,X
St. Peter's Basilica,X
Stadium,X
Stage,X
Stain,X
Stained Glass,X
Stained Wood,X
Staircase,X
Stallion,X
Stand,X
Standing,X
Standing Desk,X
Star Anise,food
Star Symbol,X
Starfish,X
Starry Sky,X
Station Wagon,X
Statue,X
Statue of Liberty,X
Steak,food
Steam Engine,X
Steamer,X
Steel,X
Steering Wheel,X
Stein,X
Stencil,X
Stereo,X
Stethoscope,X
Stew,X
Stick,X
Sticker,X
Still life,X
Stilts,X
Stingray,X
Stirring Food,X
Stitch,X
Stocking,X
Stole,X
Stomach,X
Stone Wall,X
Stonehenge,X
Stopsign,X
Stopwatch,X
Stork,X
Storm,X
Stout,X
Stove,X
Strap,X
Straw,X
Strawberry,food
Stream,X
Street,X
Streetcar,X
Stretch,X
Stretcher,X
Stroller,X
Student,X
Studio,X
Stuffing,X
Sturgeon,X
Submarine,X
Suburb,X
Subway,X
Suede,X
Sugar,food
Suit,X
Suitcase,X
Summer,X
Summer Palace,X
Sumo,X
Sun,X
Sun Hat,X
Sunbathing,X
Sundae,food
Sundial,X
Sunflower,X
Sunglasses,X
Sunlight,X
Sunrise,X
Sunscreen,X
Sunset,X
Super Mario,X
Supermarket,X
Surface Computer,X
Surfboard,X
Surfing,X
Surgeon,X
Surgeonfish,X
Surprised,X
Sushi,food
Suspenders,X
Suspension,X
Suspension Bridge,X
Suv,X
Swallow,X
Swamp,X
Swan,X
Swat Team,X
Sweater,X
Sweating,X
Sweatshirt,X
Sweden Flag,X
Sweet Potato,food
Sweets,food
Swimming,X
Swimming Cap,X
Swimming Pool,X
Swimming Trunks,X
Swimwear,X
Swing,X
Switch,X
Switzerland Flag,X
Sword,X
Swordfight,X
Swordfish,food
Sycamore,X
Sydney Opera House,X
Symbol,X
Syrup,food
Table,X
Table Lamp,X
Tablecloth,X
Tablet Computer,X
Tabletop,X
Tabloid,X
Tachometer,X
Taco,food
Tadpole,X
Tai Chi,X
Taipei 101 - Taiwan,X
Taiwan Flag,X
Taj Mahal,X
Takeoff,X
Taking Cover,X
Tanah Lot,X
Tandem Bicycle,X
Tango,X
Tank,X
Tank Top,X
Tap,X
Tape,X
Tape Player,X
Tapestry,X
Tar,X
Tarantula,X
Tarmac,X
Tart,food
Tartan,X
Tater Tots,food
Tattoo,X
Taxi,X
Tea,food
Teacher,X
Teal,X
Team,X
Team Sport,X
Teapot,food
Technical Drawing,X
Teddy Bear,X
Teen,X
Teeth,X
Telescope,X
Temple,X
Temple of Heaven,X
Temple of Luxor,X
Tender Coconut,food
Tennis,X
Tennis Ball,X
Tennis Racket,X
Tent,X
Tequila,food
Terminal,X
Termite,X
Termite Damage,X
Terrace,X
Terracotta Warriors,X
Terrier,X
Test Tube,X
Text,X
Text Message,X
Texting,X
Texture,X
Thailand Flag,X
The Archaeological Site of Jerash,X
The Basilica of Notre-Dame de Fourvi�re,X
The Cathedral of Santa Maria - Mallorca,X
The Centre Pompidou,X
The Chrysler Building,X
The City of Arts and Sciences - Valencia,X
The Eagle's Nest,X
The Great Sphinx,X
The Louvre,X
The Reichstag,X
The Shard,X
The White House,X
Theater,X
Theme Park,X
Therapy,X
Thermometer,X
Thigh,X
Thistle,X
Thomas Jefferson Memorial,X
Thong,X
Three-Toed Sloth,X
Throat,X
Throne,X
Throwing,X
Thumbs Up,X
Thunderstorm,X
Tiara,X
Tibidabo - Barcelona,X
Tick,X
Ticket,X
Tie,X
Tiger,X
Tights,X
Tile,X
Tile Roof,X
Tin,X
Tiramisu,food
Tire,X
Tissue,X
Toad,X
Toast,food
Toaster,X
Tobacco,X
Toe,X
Toilet,X
Toilet Paper,X
Tokyo Skytree,X
Tokyo Tower,X
Tomato,food
Tomb,X
Tongs,X
Tongue,X
Tool,X
Toolshed,X
Toothbrush,X
Toothpaste,X
Torch,X
Torii,X
Tornado,X
Torpedo,X
Torso,X
Torte,food
Tortellini,food
Tortilla,food
Tortoise,X
Tote Bag,X
Totem,X
Toucan,X
Tour Bus,X
Tourist,X
Tow Truck,X
Towel,X
Tower,X
Tower Bridge,X
Tower of Hercules,X
Tower of Pisa,X
Town Square,X
Towpath,X
Toy,X
Track And Field,X
Tractor,X
Traffic Jam,X
Traffic Light,X
Trail,X
Trailer Truck,X
Train,X
Train Station,X
Trampoline,X
Transportation,X
Trash,X
Trash Can,X
Tray,X
Treadmill,X
Treasure,X
Treasure Flower,X
Tree,X
Tree Frog,X
Tree House,X
Tree Stump,X
Tree Trunk,X
Tree Yoga Pose,X
Trench Coat,X
T-Rex,X
Triangle,X
Triangle Yoga Pose,X
Tribe,X
Tricycle,X
Trident,X
Tripod,X
Triumphant,X
Trombone,X
Troop,X
Trophy,X
Tropical,X
Trout,X
Trowel,X
Truck,X
Trumpet,X
T-Shirt,X
Tsunami,X
Tub,X
Tuba,X
Tubing,X
Tugboat,X
Tulip,X
Tuna,X
Tundra,X
Tunnel,X
Turban,X
Turbine,X
Turkey Bird,X
Turkey Dinner,food
Turkey Flag,X
Turnip,food
Turnstile,X
Turquoise,X
Turret,X
Turtle,X
Tuxedo,X
TV,X
Ultrasound,X
Uluru-Ayers Rock,X
Umbrella,X
UML Diagram,X
Undershirt,X
Underwater,X
Underwear,X
United Arab Emirates Flag,X
United Kingdom Flag,X
Upright Piano,X
Urban,X
Urchin,X
Urn,X
Utility Pole,X
Vacation,X
Vacuum Cleaner,X
Valley,X
Van,X
Vandalism,X
Vase,X
Vault Ceiling,X
Vegetable,food
Vegetation,X
Vehicle,X
Veil,X
Veins,X
Velvet,X
Vending Machine,X
Venn Diagram,X
Vermicelli,food
Verona Arena,X
Vest,X
Veterinarian,X
Viaduct,X
Victoria Memorial,X
Video Camera,X
Video Gaming,X
Vietnam Flag,X
Vigil,X
Villa,X
Village,X
Vine,X
Vineyard,X
Violin,X
Vise,X
Volcano,X
Volleyball,X
Volleyball (Ball),X
Volleyball Game,X
VR Headset,X
Vulture,X
Waffle,food
Wagon,X
Waiter,X
Waiting Room,X
Walk-In Closet,X
Walking,X
Walking Dog,X
Walkway,X
Wall,X
Wall Clock,X
Wallet,X
Walnut,food
Walrus,X
Wand,X
War,X
Wardrobe,X
Warehouse,X
Warplane,X
Warrior Yoga Pose,X
Warthog,X
Washer,X
Washing,X
Washing Hands,X
Washington Monument,X
Wasp,X
Wat Phnom,X
Water,X
Water Bottle,X
Water Gun,X
Water Jug,X
Water Park,X
Water Polo,X
Water Skiing,X
Water Sports,X
Water Tower,X
Watercraft,X
Waterfall,X
Waterfowl,X
Waterfront,X
Watering Can,X
Watermelon,food
Wax Seal,X
Weapon,X
Weasel,X
Weather,X
Weaving,X
Webcam,X
Webpage,X
Wedding,X
Wedding Cake,X
Wedding Gown,X
Wedding Proposal,X
Wedge,X
Weed,X
Welding,X
Whale,X
Wheat,food
Wheel,X
Wheelbarrow,X
Wheelchair,X
Whip,X
Whipped Cream,food
Whisking,X
Whisky,food
Whistle,X
White,X
White Board,X
White Cliffs of Dover,X
White Dog,X
Wig,X
Wilderness,X
Wildlife,X
Willis Tower,X
Willow,X
Wind Turbine,X
Windmill,X
Window,X
Window - Broken,X
Window Display,X
Window Shade,X
Windowsill,X
Windshield,X
Windsor Castle,X
Wine,food
Wine Bottle,X
Wine Cellar,X
Wine Glass,X
Wine Tour,X
Winter,X
Wire,X
Wiring,X
Wolf,X
Woman,X
Wood,X
Wood Panels,X
Wooden Spoon,X
Woodland,X
Woodpecker,X
Woodworking,X
Wool,X
Worker,X
Working Out,X
Workshop,X
Worm,X
Woven,X
Wreath,X
Wren,X
Wrench,X
Wrestling,X
Wrist,X
Wristwatch,X
Writing,X
X-Ray,X
Xylophone,X
Yacht,X
Yak,X
Yard,X
Yarn,X
Yawning,X
Yellow,X
Yellowstone National Park,X
Yew,X
Yoga,X
Yogurt,food
Zebra,X
Zebra Crossing,X
Ziplining,X
Zipper,X
Zoo,X
Zucchini,food
Zwinger,X